{"Mercury": {"Ra": 19.825902570404633, "Dec": 5.164657229614508}, "Venus": {"Ra": 36.356078152595195, "Dec": 13.264449731061854}, "Earth": {"Ra": 359.9963587664225, "Dec": -0.0015787249165251057}, "Mars": {"Ra": 4.356395781743143, "Dec": 0.514628523603437}, "Jupiter": {"Ra": 52.93016893789243, "Dec": 18.309072205795914}, "Saturn": {"Ra": 348.50800799190506, "Dec": -6.853382646799459}, "Uranus": {"Ra": 50.02974503848345, "Dec": 18.103109985336335}, "Neptune": {"Ra": 359.3468805771385, "Dec": -1.6302009285366474}}