{"Mercury": {"Deg": 9.235321713578703}, "Venus": {"Deg": 67.89348844585066}, "Earth": {"Deg": 249.83102375208722}, "Mars": {"Deg": 352.87435712302465}, "Jupiter": {"Deg": 57.20422477949188}, "Saturn": {"Deg": 344.5708859631761}, "Uranus": {"Deg": 50.66478822985258}, "Neptune": {"Deg": 358.2014332295291}}